Location Name,BEDS Number,Zip
Amani Charter School,660900861000,10522
"Victory Schools, DBA The Charter School of Excellence",,10701
The Academy Charter School,,11550
EverGreen Charter School,,11561
P.S. 015 Roberto Clemente,310100010015,10009
P.S. 019 Asher Levy,310100010019,10003
P.S. 020 Anna Silver,310100010020,10002
P.S. 034 Franklin D. Roosevelt,310100010034,10009
The STAR Academy - P.S.63,310100010063,10009
P.S. 064 Robert Simon,310100010064,10009
P.S. 110 Florence Nightingale,310100010110,10002
P.S. 134 Henrietta Szold,310100010134,10002
P.S. 137 John L. Bernstein,310100010137,10002
P.S. 140 Nathan Straus,310100010140,10002
P.S. 142 Amalia Castro,310100010142,10002
P.S. 184m Shuang Wen,310100010184,10002
P.S. 188 The Island School,310100010188,10002
Henry Street School for International Studies,310100011292,10002
"Technology, Arts, and Sciences Studio",310100010301,10003
The East Village Community School,310100010315,10009
University Neighborhood Middle School,310100010332,10002
"Collaborative Academy of Science, Technology, & Language-Arts Education",310100010345,10002
The Children's Workshop School,310100010361,10009
Neighborhood School,310100010363,10009
Earth School,310100010364,10009
School for Global Leaders,310100010378,10002
University Neighborhood High School,310100011448,10002
East Side Community School,310100011450,10009
Forsyth Satellite Academy,310100011458,10002
Marta Valle High School,310100011509,10002
Lower East Side Preparatory High School,310100011515,10002
"New Explorations into Science, Technology and Math High School",310100011539,10002
Cascades High School,310100011650,10002
Bard High School Early College,310100011696,10002
Tompkins Square Middle School,310100010839,10009
P.S. 001 Alfred E. Smith,310200010001,10038
P.S. 002 Meyer London,310200010002,10002
P.S. 003 Charrette School,310200010003,10014
P.S. 006 Lillie D. Blake,310200010006,10028
P.S. 011 William T. Harris,310200010011,10011
P.S. 033 Chelsea Prep,310200010033,10001
P.S. 040 Augustus Saint-Gaudens,310200010040,10003
P.S. 041 Greenwich Village,310200010041,10011
P.S. 042 Benjamin Altman,310200010042,10002
47 The American Sign Language and English Secondary School,310200010047,10010
P.S. 051 Elias Howe,310200010051,10036
P.S. 059 Beekman Hill International,310200010059,10019
P.S. 77 Lower Lab School,310200010077,10128
P.S. 89,310200010089,10282
J.H.S. 104 Simon Baruch,310200010104,10010
P.S. 111 Adolph S. Ochs,310200010111,10019
East Side Middle School,310200010114,10128
P.S. 116 Mary Lindley Murray,310200010116,10016
P.S. 124 Yung Wing,310200010124,10002
P.S. 126 Jacob August Riis,310200010126,10038
P.S. 130 Hernando De Soto,310200010130,10013
M.S. 131,310200010131,10002
The Urban Assembly School for Emergency Management,310200011135,10038
Stephen T. Mather Building Arts & Craftsmanship High School,310200011139,10019
P.S. 150,310200010150,10013
Yorkville Community School,310200010151,10128
P.S. 158 Bayard Taylor,310200010158,10075
J.H.S. 167 Robert F. Wagner,310200010167,10021
Yorkville East Middle School,310200010177,10075
P.S. 183 Robert L. Stevenson,310200010183,10065
P.S. 198 Isador E. Ida Straus,310200010198,10128
P.S. 212 Midtown West,310200010212,10036
P.S./I.S. 217 Roosevelt Island,310200010217,10044
Ella Baker School,310200011225,10065
P.S. 234 Independence School,310200010234,10007
M.S. 255 Salk School of Science,310200010255,10003
M.S. 260 Clinton School Writers & Artists,310200010260,10003
"East Side Elementary School, PS 267",310200010267,10065
Battery Park City School,310200010276,10280
Manhattan Early College School for Advertising,310200011280,10038
The River School,310200010281,10016
Urban Assembly Maker Academy,310200011282,10038
Food and Finance High School,310200011288,10019
I.S. 289,310200010289,10282
P.S. 290 Manhattan New School,310200010290,10028
Essex Street Academy,310200011294,10002
High School of Hospitality Management,310200011296,10019
Pace High School,310200011298,10002
"Urban Assembly School of Design and Construction, The",310200011300,10019
"Facing History School, The",310200011303,10019
"Urban Assembly Academy of Government and Law, The",310200011305,10002
Lower Manhattan Arts Academy,310200011308,10002
New York City Lab Middle School for Collaborative Studies,310200010312,10011
"James Baldwin School, The: A School for Expeditionary Learning",310200011313,10011
"Urban Assembly School of Business for Young Women, the",310200011316,10004
Sixth Avenue Elementary School,310200010340,10011
The Peck Slip School,310200010343,10038
The 47 American Sign Language & English Lower School,310200010347,10010
Gramercy Arts High School,310200011374,10003
NYC iSchool,310200011376,10013
Pre-K Center District 02,,10004
MANHATTAN BUSINESS ACADEMY,310200011392,10011
Business Of Sports School,310200011393,10019
Emma Lazarus High School,310200011394,10002
Spruce Street School,310200010397,10038
The High School For Language And Diplomacy,310200011399,10003
High School for Environmental Studies,310200011400,10019
Institute for Collaborative Education,310200011407,10003
Professional Performing Arts High School,310200011408,10036
Baruch College Campus High School,310200011411,10010
N.Y.C. Lab School for Collaborative Studies,310200010412,10011
School of the Future High School,310200010413,10010
N.Y.C. Museum School,310200010414,10011
Eleanor Roosevelt High School,310200010416,10021
Millennium High School,310200010418,10004
Landmark High School,310200011419,10011
High School for Health Professions and Human Services,310200011420,10003
Quest to Learn,310200011422,10011
Leadership and Public Service High School,310200011425,10006
MANHATTAN ACADEMY FOR ARTS & LANGUAGE,310200011427,10016
Murray Hill Academy,310200011432,10016
Hudson High School of Learning Technologies,310200011437,10011
International High School at Union Square,310200011438,10003
Manhattan Village Academy,310200011439,10010
"Ballet Tech, NYC Public School for Dance",310200011442,10003
Vanguard High School,310200011449,10065
Manhattan International High School,310200011459,10065
Stuyvesant High School,310200011475,10282
High School of Economics and Finance,310200011489,10006
Unity Center for Urban Technologies,310200011500,10016
Urban Assembly Gateway School for Technology,310200011507,10019
Talent Unlimited High School,310200011519,10065
Murry Bergtraum High School for Business Careers,310200011520,10038
P.S. 527 - East Side School for Social Action,310200010527,10128
Jacqueline Kennedy Onassis High School,310200011529,10036
Repertory Company High School for Theatre Arts,310200011531,10036
Union Square Academy for Health Sciences,310200011533,10003
Harvest Collegiate High School,310200011534,10011
Manhattan Bridges High School,310200011542,10019
New Design High School,310200011543,10002
Independence High School,310200011544,10019
High School for Dual Language and Asian Studies,310200011545,10002
Academy for Software Engineering,310200011546,10003
Liberty High School Academy for Newcomers,310200011550,10011
Urban Assembly New York Harbor School,310200011551,10004
High School M560 - City As School,310200011560,10014
Urban Academy Laboratory High School,310200011565,10065
Satellite Academy High School,310200011570,10001
Manhattan Comprehensive Night and Day High School,310200011575,10003
Richard R. Green High School of Teaching,310200011580,10004
Harvey Milk High School,310200011586,10003
The High School of Fashion Industries,310200011600,10011
Humanities Preparatory Academy,310200011605,10011
Chelsea Career and Technical Education High School,310200011615,10013
High School of Graphic Communication Arts,310200011625,10019
Art and Design High School,310200011630,10019
Life Sciences Secondary School,310200011655,10128
Lower Manhattan Community Middle School,310200010896,10004
City Knoll Middle School,310200010933,10001
P.S. 009 Sarah Anderson,310300010009,10024
J.H.S. 054 Booker T. Washington,310300010054,10025
P.S. 075 Emily Dickinson,310300010075,10025
P.S. 076 A. Philip Randolph,310300010076,10027
P.S. 084 Lillian Weber,310300010084,10025
P.S. 087 William Sherman,310300010087,10024
"P.S. 145, The Bloomingdale School",310300010145,10025
P.S. 149 Sojourner Truth,310300010149,10026
P.S. 163 Alfred E. Smith,310300010163,10025
P.S. 165 Robert E. Simon,310300010165,10025
P.S. 166 The Richard Rodgers School of The Arts and Technology,310300010166,10024
P.S. 180 Hugo Newman,310300010180,10027
P.S. 185 - The Early Childhood Discovery and Design Magnet School,310300010185,10026
P.S. 191 Amsterdam,310300010191,10023
P.S. 199 Jessie Isador Straus,310300010199,10023
P.S. 208 Alain L. Locke,310300010208,10026
STEM Institute of Manhattan,310300010241,10026
P.S. 242 - The Young Diplomats Magnet Academy,310300010242,10027
M.S. 243 Center School,310300010243,10024
M.S. M245 The Computer School,310300010245,10024
M.S. M247 Dual Language Middle School,310300010247,10025
M.S. 250 West Side Collaborative Middle School,310300010250,10025
M.S. 256 Academic & Athletic Excellence,310300010256,10025
Community Action School - MS 258,310300010258,10025
West End Secondary School,310300011291,10023
"High School for Arts, Imagination and Inquiry",310300011299,10023
"Urban Assembly School for Media Studies, The",310300011307,10023
P.S. 333 Manhattan School for Children,310300010333,10025
The Anderson School,310300010334,10024
The Urban Assembly School for Green Careers,310300011402,10024
The Global Learning Collaborative,310300011403,10024
Innovation Diploma Plus,310300011404,10024
Wadleigh Secondary School for the Performing & Visual Arts,310300011415,10026
Frank Mccourt High School,310300011417,10024
West Prep Academy,310300010421,10025
P.S. 452,310300010452,10024
Beacon High School,310300011479,10036
Fiorello H. LaGuardia High School of Music & Art and Performing Arts,310300011485,10023
"High School for Law, Advocacy and Community Justice",310300011492,10023
High School of Arts and Technology,310300011494,10023
Edward A. Reynolds West Side High School,310300011505,10025
Manhattan / Hunter Science High School,310300011541,10023
Special Music School,310300011859,10023
Frederick Douglass Academy II Secondary School,310300011860,10026
Mott Hall II,310300010862,10025
P.S. 007 Samuel Stern,310400010007,10035
Tag Young Scholars,310400010012,10029
River East Elementary,310400010037,10035
P.S. 38 Roberto Clemente,310400010038,10029
P.S. 050 Vito Marcantonio,310400010050,10029
James Weldon Johnson,310400010057,10029
The Lexington Academy,310400010072,10029
P.S. 083 Luis Munoz Rivera,310400010083,10029
P.S. 096 Joseph Lanzetta,310400010096,10035
P.S. 102 Jacques Cartier,310400010102,10029
P.S. 108 Assemblyman Angelo Del Toro Educational Complex,310400010108,10029
P.S. 112 Jose Celso Barbosa,310400010112,10035
P.S. 146 Ann M. Short,310400010146,10029
P.S. 155 William Paca,310400010155,10035
P.S. 171 Patrick Henry,310400010171,10029
The Bilingual Bicultural School,310400010182,10029
P.S. 206 Jose Celso Barbosa,310400010206,10035
M.S. 224 Manhattan East School for Arts & Academics,310400010224,10029
Esperanza Preparatory Academy,310400010372,10029
Mosaic Preparatory Academy,310400010375,10029
Renaissance School of the Arts,310400010377,10035
Global Neighborhood Secondary School,310400011381,10035
Global Technology Preparatory,310400010406,10035
Coalition School for Social Change,310400011409,10035
Manhattan Center for Science and Mathematics,310400011435,10029
Park East High School,310400011495,10029
Central Park East I,310400010497,10029
Central Park East High School,310400011555,10029
Young Women's Leadership School,310400011610,10029
"Heritage School, The",310400011680,10029
Isaac Newton Middle School for Math & Science,310400010825,10029
Central Park East II,310400010964,10029
P.S. 030 Hernandez/Hughes,310500010030,10035
P.S. 036 Margaret Douglas,310500010036,10027
P.S. 046 Arthur Tappan,310500010046,10039
P.S. 092 Mary McLeod Bethune,310500010092,10030
P.S. 123 Mahalia Jackson,310500010123,10030
P.S. 125 Ralph Bunche,310500010125,10027
P.S. 129 John H. Finley,310500010129,10027
P.S. 133 Fred R Moore,310500010133,10037
Eagle Academy for Young Men of Harlem,310500011148,10030
P.S. 154 Harriet Tubman,310500010154,10027
The Urban Assembly School for Global Commerce,310500011157,10035
P.S. 161 Pedro Albizu Campos,310500010161,10027
P.S. 175 Henry H Garnet,310500010175,10030
P.S. 194 Countee Cullen,310500010194,10030
P.S. 197 John B. Russwurm,310500010197,10037
P.S. 200- The James Mccune Smith School,310500010200,10039
Harlem Renaissance High School,310500011285,10035
I.S. M286 Renaissance Leadership Academy,310500010286,10027
KAPPA IV,310500010302,10030
Mott Hall High School,310500011304,10030
Thurgood Marshall Academy Lower School,310500010318,10039
Columbia Secondary School,310500011362,10027
Academy for Social Action: A College Board School,310500011367,10027
Urban Assembly School for the Performing Arts,310500011369,10027
The Urban Assembly Institute for New Technologies,310500010410,10027
Choir Academy of Harlem,310500011469,10035
Frederick Douglass Academy,310500011499,10039
New Design Middle School,310500010514,10027
Teachers College Community School,310500010517,10027
Thurgood Marshall Academy for Learning and Social Change,310500011670,10030
Bread & Roses Integrated Arts High School,310500011685,10030
"High School for Mathematics, Science and Engineering at City College",310500011692,10031
P.S. 004 Duke Ellington,310600010004,10032
P.S. 005 Ellen Lurie,310600010005,10034
P.S. 008 Luis Belliard,310600010008,10032
P.S. 018 Park Terrace,310600010018,10034
P.S. 028 Wright Brothers,310600010028,10032
P.S. 048 P.O. Michael J. Buczek,310600010048,10033
J.H.S. 052 Inwood,310600010052,10034
P.S. 098 Shorac Kappock,310600010098,10034
Dos Puentes Elementary School,310600010103,10033
P.S. 115 Alexander Humboldt,310600010115,10033
P.S. 128 Audubon,310600010128,10032
P.S. 132 Juan Pablo Duarte,310600010132,10033
J.H.S. 143 Eleanor Roosevelt,310600010143,10033
P.S. 152 Dyckman Valley,310600010152,10040
P.S. 153 Adam Clayton Powell,310600010153,10031
P.S. 173,310600010173,10033
Professor Juan Bosch Public School,310600010178,10040
P.S./I.S. 187 Hudson Cliffs,310600010187,10040
P.S. 189,310600010189,10040
P.S. 192 Jacob H. Schiff,310600010192,10031
Hamilton Grange Middle School,310600010209,10031
P.S./I.S. 210 - Twenty-first Century Academy for Community Leadership,310600010210,10031
Inwood Early College for Health and Information Technologies,310600011211,10034
I.S. 218 Salome Urena,310600010218,10040
The Mott Hall School,310600010223,10027
Paula Hedbavny School,310600010278,10034
City College Academy of the Arts,310600011293,10040
Amistad Dual Language School,310600010311,10034
Muscota,310600010314,10034
M.S. 319 - Maria Teresa,310600010319,10032
Middle School 322,310600010322,10040
M.S. 324 - Patria Mirabal,310600010324,10032
P.S. 325,310600010325,10031
M.S. 326 - Writers Today & Leaders Tomorrow,310600010326,10032
M.S. 328 - Manhattan Middle School for Scientific Inquiry,310600010328,10032
Community Health Academy of the Heights,310600011346,10032
Washington Heights Expeditionary Learning School,310600011348,10033
Harbor Heights,310600010349,10033
Washington Heights Academy,310600010366,10034
Hamilton Heights School,310600010368,10031
High School for Excellence and Innovation,310600011423,10034
The College Academy,310600011462,10040
High School for Media and Communications,310600011463,10040
High School for Law and Public Service,310600011467,10040
High School for Health Careers and Sciences,310600011468,10040
Castle Bridge School,310600010513,10032
I.S. 528 Bea Fuller Rodgers School,310600010528,10033
A. Philip Randolph Campus High School,310600011540,10031
Gregorio Luperon High School for Science and Mathematics,310600011552,10032
P.S. 001 Courtlandt School,320700010001,10451
P.S. 5 Port Morris,320700010005,10455
P.S. 018 John Peter Zenger,320700010018,10451
P.S. 025 Bilingual School,320700010025,10455
P.S./M.S. 029 Melrose School,320700010029,10451
P.S. 030 Wilton,320700010030,10454
P.S./M.S. 031 The William Lloyd Garrison,320700010031,10451
P.S. 043 Jonas Bronck,320700010043,10454
P.S. 049 Willis Avenue,320700010049,10454
P.S. 065 Mother Hale Academy,320700010065,10454
J.H.S. 151 Lou Gehrig,320700010151,10451
P.S. 154 Jonathan D. Hyatt,320700010154,10454
P.S. 157 Grove Hill,320700010157,10456
P.S. 161 Juan Ponce De Leon School,320700010161,10455
J.H.S. 162 Lola Rodriguez De Tio,320700010162,10455
P.S. 179,320700010179,10454
South Bronx Preparatory: A College Board School,320700011221,10454
M.S. 223 The Laboratory School of Finance and Technology,320700010223,10454
P.S./I.S. 224,320700010224,10454
"H.E.R.O. High (Health, Education, and Research Occupations High School)",320700011259,10455
P.S. 277,320700010277,10455
South Bronx Academy for Applied Media,320700010296,10456
Academy of Public Relations,320700010298,10456
Crotona Academy High School,320700011321,10455
International Community High School,320700011334,10454
Academy of Applied Mathematics and Technology,320700010343,10454
Concourse Village Elementary School,320700010359,10451
Young Leaders Elementary School,320700010369,10454
Jill Chaifetz Transfer High School,320700011379,10456
Bronx Haven High School,320700011381,10451
Performance School,320700010385,10451
Community School for Social Justice,320700011427,10451
Mott Haven Village Preparatory High School,320700011473,10455
University Heights Secondary School,320700011495,10455
Hostos-Lincoln Academy of Science,320700011500,10455
Foreign Language Academy of Global Studies,320700011520,10455
Bronx Design and Construction Academy,320700011522,10451
Bronx Leadership Academy II High School,320700011527,10451
Pre-K Center District 07,,10455
New Explorers High School,320700011547,10451
Urban Assembly School for Careers in Sports,320700011548,10451
The Urban Assembly Bronx Academy of Letters,320700011551,10451
Mott Haven Community High School,320700011557,10455
Alfred E. Smith Career and Technical Education High School,320700011600,10451
Health Opportunities High School,320700011670,10451
P.S. X014 Senator John Calandra,320800010014,10461
P.S. 036 Unionport,320800010036,10472
P.S. 048 Joseph R. Drake,320800010048,10474
P.S. 062 Inocensio Casanova,320800010062,10455
P.S. 069 Journey Prep School,320800010069,10473
P.S. 071 Rose E. Scala,320800010071,10461
P.S. 072 Dr. William Dorney,320800010072,10465
P.S. 75 School of Research and Discovery,320800010075,10459
P.S. 093 Albert G. Oliver,320800010093,10473
P.S. 100 Isaac Clason,320800010100,10473
M.S. X101 Edward R. Byrne,320800010101,10465
P.S. 107,320800010107,10473
P.S. 119,320800010119,10472
J.H.S. 123 James M. Kieran,320800010123,10472
J.H.S. 125 Henry Hudson,320800010125,10472
P.S. 130 Abram Stevens Hewitt,320800010130,10455
J.H.S. 131 Albert Einstein,320800010131,10473
P.S. 138 Samuel Randall,320800010138,10473
P.S. X140 The Eagle School,320800010140,10456
P.S. 146 Edward Collins,320800010146,10456
P.S. 152 Evergreen,320800010152,10472
P.S. 182,320800010182,10473
Bronx Studio School for Writers and Artists,320800011269,10459
Women's Academy of Excellence,320800011282,10473
Renaissance High School for Musical Theater & Technology,320800011293,10461
M.S. 301 Paul L. Dunbar,320800010301,10456
M.S. 302 Luisa Dessus Cruz,320800010302,10455
P.S. 304 Early Childhood School,320800010304,10465
Pablo Neruda Academy,320800011305,10473
Millennium Art Academy,320800010312,10473
Pelham Lab High School,320800011320,10461
Holcombe L. Rucker School of Community Research,320800011332,10459
P.S. 333 - The Museum School,320800010333,10459
The Academy of the Arts,320800010335,10459
The School for Inquiry and Social Justice,320800010337,10472
Schuylerville Preparatory High School,320800011348,10461
Bronx River High School,320800011349,10461
Urban Assembly Academy of Civic Engagement,320800010366,10465
"Archimedes Academy for Math, Science and Technology Applications",320800011367,10473
Urban Institute of Mathematics,320800010371,10465
The Bronx Mathematics Preparatory School,320800010375,10473
Antonia Pantoja Preparatory Academy: A College Board School,320800011376,10473
Bronx Community High School,320800011377,10473
Bronx Delta School,320800010392,10465
Herbert H. Lehman High School,320800011405,10461
The Hunts Point School,320800010424,10474
Bronx Bridges High School,320800011432,10473
Soundview Academy for Culture and Scholarship,320800010448,10473
Bronx Guild,320800011452,10473
Mott Hall Community School,320800010467,10465
"Felisa Rincon de Gautier Institute for Law and Public Policy, The",320800011519,10473
Banana Kelly High School,320800011530,10459
Bronx Arena High School,320800011537,10473
Westchester Square Academy,320800011558,10461
School for Tourism and Hospitality,320800011559,10456
Bronx Compass High School,320800011561,10473
Blueprint Middle School,320800010562,10472
P.S./M.S. 004 Crotona Park West,320900010004,10457
P.S. 011 Highbridge,320900010011,10452
J.H.S. 022 Jordan L. Mott,320900010022,10456
P.S. 028 Mount Hope,320900010028,10457
P.S. 035 Franz Siegel,320900010035,10451
P.S. 042 Claremont,320900010042,10457
P.S. 053 Basheer Quisim,320900010053,10456
P.S. 055 Benjamin Franklin,320900010055,10456
P.S. 058,320900010058,10457
P.S. 063 Author's Academy,320900010063,10456
P.S. 064 Pura Belpre,320900010064,10452
P.S. 070 Max Schoenfeld,320900010070,10457
P.S. 073 Bronx,320900010073,10452
P.S. X088 - S. Silverstein Little Sparrow School,320900010088,10456
P.S. 109 Sedgwick,320900010109,10453
P.S. 110 Theodore Schoenfeld,320900010110,10456
P.S. X114 - Luis Llorens Torres Schools,320900010114,10452
I.S. 117 Joseph H. Wade,320900010117,10453
P.S. 126 Dr Marjorie H Dunbar,320900010126,10452
Mott Hall III,320900010128,10456
P.S. 132 Garret A. Morgan,320900010132,10456
J.H.S. 145 Arturo Toscanini,320900010145,10456
P.S. 163 Arthur A. Schomburg,320900010163,10457
P.S. 170,320900010170,10452
P.S. 199X - The Shakespeare School,320900010199,10452
P.S. 204 Morris Heights,320900010204,10453
Kappa,320900010215,10456
P.S./I.S. 218 Rafael Hernandez Dual Language Magnet School,320900010218,10452
I.S. 219 New Venture School,320900010219,10456
Bronx Collegiate Academy,320900011227,10457
I.S. 229 Roland Patterson,320900010229,10453
P.S. 230 Dr Roland N. Patterson,320900010230,10453
Eagle Academy for Young Men,320900011231,10457
I.S. 232,320900010232,10453
P.S. 236 Langston Hughes,320900010236,10453
"Urban Assembly School for Applied Math and Science, The",320900011241,10457
Eximius College Preparatory Academy: A College Board School,320900011250,10456
Mott Hall Bronx High School,320900011252,10457
Bronx Center for Science and Mathematics,320900011260,10456
Validus Preparatory Academy: An Expeditionary Learning School,320900011263,10457
The New American Academy at Roberto Clemente State Park,320900010274,10453
Leadership Institute,320900011276,10457
The Walton Avenue School,320900010294,10452
Morris Academy for Collaborative Studies,320900011297,10456
I.S. X303 Leadership & Community Service,320900010303,10453
Lucero Elementary School,320900010311,10452
I.S. 313 School of Leadership Development,320900010313,10457
Bronx Writing Academy,320900010323,10456
Bronx Early College Academy for Teaching & Learning,320900011324,10456
Urban Science Academy,320900010325,10456
Comprehensive Model School Project M.S. 327,320900010327,10452
New Millennium Business Academy Middle School,320900010328,10456
DreamYard Preparatory School,320900011329,10457
I.S. 339,320900010339,10457
New Directions Secondary School,320900011350,10457
The Highbridge Green School,320900010361,10452
Academy for Language and Technology,320900011365,10453
Bronx International High School,320900011403,10456
School for Excellence,320900011404,10456
Bronx High School of Business,320900011412,10457
Bronx High School for Medical Science,320900011413,10457
Jonathan Levin High School for Media and Communications,320900011414,10457
The Family School,320900010443,10456
Grant Avenue Elementary School,320900010449,10456
Science and Technology Academy: A Mott Hall School,320900010454,10456
Sheridan Academy for Young Leaders,320900010457,10456
"Bronx School for Law, Government and Justice",320900011505,10451
Frederick Douglass Academy III Secondary School,320900011517,10456
Bronx Leadership Academy High School,320900011525,10457
High School for Violin and Dance,320900011543,10456
Mount Eden Children's Academy,320900010555,10452
Claremont International HS,320900011564,10457
Young Women's Leadership School of the Bronx,320900010568,10453
Pre-K Center District 09,,10452
P.S. 3 Raul Julia Micro Society,321000010003,10457
Milton Fein School,321000010007,10463
P.S. 008 Issac Varian,321000010008,10458
P.S. 9 Ryer Avenue Elementary School,321000010009,10458
P.S. X015 Institute for Environmental Learning,321000010015,10453
"P.S./M.S. 20 P.O.George J. Werdann, III",321000010020,10467
P.S. 023 The New Children's School,321000010023,10457
P.S. 024 Spuyten Duyvil,321000010024,10463
P.S. 032 Belmont,321000010032,10458
P.S. 033 Timothy Dwight,321000010033,10468
P.S. X037 - Multiple Intelligence School,321000010037,10463
Thomas C. Giordano Middle School 45,321000010045,10458
P.S. 046 Edgar Allan Poe,321000010046,10458
P.S. 051 Bronx New School,321000010051,10457
P.S./I.S. 54,321000010054,10458
P.S. 056 Norwood Heights,321000010056,10467
P.S. 059 The Community School of Technology,321000010059,10457
Bedford Park Elementary School,321000010077,10467
J.H.S. 080 The Mosholu Parkway,321000010080,10467
P.S. 081 Robert J. Christen,321000010081,10471
P.S. 085 Great Expectations,321000010085,10458
P.S. 086 Kingsbridge Heights,321000010086,10468
P.S. 091 Bronx,321000010091,10453
P.S. 094 Kings College School,321000010094,10467
P.S. 095 Sheila Mencher,321000010095,10463
J.H.S. 118 William W. Niles,321000010118,10457
Riverdale / Kingsbridge Academy (Middle School / High School 141),321000011141,10463
P.S. 159 Luis Munoz Marin Biling,321000010159,10458
P.S. 205 Fiorello Laguardia,321000010205,10458
I.S. 206 Ann Mersereau,321000010206,10468
P.S. 207,321000010207,10463
P.S. 209,321000010209,10458
Bronx Engineering and Technology Academy,321000011213,10463
Theatre Arts Production Company School,321000010225,10457
P.S. 226,321000010226,10453
Jonas Bronck Academy,321000010228,10458
"The Marie Curie School for Medicine, Nursing, and Health Professions",321000011237,10463
West Bronx Academy for the Future,321000011243,10458
The New School for Leadership and Journalism,321000010244,10463
P.S. 246 Poe Center,321000010246,10468
I.S. 254,321000010254,10458
Bronx Academy for Software Engineering (BASE),321000011264,10458
Kingsbridge International High School,321000011268,10468
"P.S. 279 Captain Manuel Rivera, Jr.",321000010279,10453
P.S./M.S. 280 Mosholu Parkway,321000010280,10467
Bronx School of Law and Finance,321000011284,10463
P.S. 291,321000010291,10453
P.S. 306,321000010306,10453
Luisa Pineiro Fuentes School of Science and Discovery,321000010307,10468
Bronx Dance Academy School,321000010308,10467
P.S. 310 Marble Hill,321000010310,10463
P.S. 315 Lab School,321000010315,10453
Providing Urban Learners Success In Education High School,321000011319,10457
The Bronx School of Young Leaders,321000010331,10453
P.S. 340,321000010340,10468
International School for Liberal Arts,321000011342,10468
Ampark Neighborhood,321000010344,10463
Bronx Collaborative High School,321000011351,10468
World View High School,321000011353,10468
P.S. 360,321000010360,10463
Academy For Personal Leadership And Excellence,321000010363,10468
In-Tech Academy (M.S. / High School 368),321000010368,10463
Knowledge and Power Preparatory Academy International High School (Kappa),321000011374,10458
"Elementary School for Math, Science, and Technology",321000010382,10453
School for Environmental Citizenship,321000010386,10453
M.S. 390,321000010390,10453
The Angelo Patri Middle School,321000010391,10457
P.S. 396,321000010396,10453
English Language Learners and International Support Preparatory Academy (ELLIS),321000011397,10463
High School for Teaching and the Professions,321000011433,10468
Belmont Preparatory High School,321000011434,10458
Fordham High School for the Arts,321000011437,10458
Fordham Leadership Academy for Business and Technology,321000011438,10458
Bronx High School for Law and Community Service,321000011439,10458
DeWitt Clinton High School,321000011440,10468
"Celia Cruz Bronx High School of Music, The",321000011442,10468
Bronx High School of Science,321000011445,10468
Creston Academy,321000010447,10453
East Fordham Academy for the Arts,321000011459,10468
Marble Hill High School for International Studies,321000011477,10463
Crotona International High School,321000011524,10458
Pre-K Center District 10,,10458
Bronx Theatre High School,321000011546,10463
Discovery High School,321000011549,10468
High School for Energy and Technology,321000011565,10458
High School of American Studies at Lehman College,321000011696,10468
P.S. 016 Wakefield,321100010016,10470
P.S. 019 Judith K. Weiss,321100010019,10470
P.S. 021 Philip H. Sheridan,321100010021,10466
P.S. 041 Gun Hill Road,321100010041,10467
P.S. 068 Bronx,321100010068,10466
P.S. 076 The Bennington School,321100010076,10469
P.S. 078 Anne Hutchinson,321100010078,10469
P.S. 083 Donald Hertz,321100010083,10462
P.S. 087 Bronx,321100010087,10466
P.S. 089 Bronx,321100010089,10469
P.S. 096 Richard Rodgers,321100010096,10467
P.S. 097 Bronx,321100010097,10469
P.S. 103 Hector Fontanez,321100010103,10466
P.S. 105 Sen Abraham Bernstein,321100010105,10462
P.S. 106 Parkchester,321100010106,10462
P.S. 108 Philip J. Abinanti,321100010108,10461
P.S. 111 Seton Falls,321100010111,10466
P.S. 112 Bronxwood,321100010112,10466
P.S. 121 Throop,321100010121,10469
J.H.S. 127 The Castle Hill,321100010127,10462
J.H.S. 144 Michelangelo,321100010144,10469
P.S. 153 Helen Keller,321100010153,10475
P.S. 160 Walt Disney,321100010160,10475
Baychester Academy,321100010169,10466
P.S. 175 City Island,321100010175,10464
P.S. 178 - Dr. Selman Waksman,321100010178,10475
M.S. 180 Dr. Daniel Hale Williams,321100010180,10475
I.S. 181 Pablo Casals,321100010181,10475
Cornerstone Academy for Social Action,321100010189,10475
P.S./M.S. 194,321100010194,10462
Bronx Health Sciences High School,321100011249,10475
Bronx High School for Writing and Communication Arts,321100011253,10467
Bronx Lab School,321100011265,10467
Academy for Scholarship and Entrepreneurship: A College Board School,321100011270,10466
Globe School for Environmental Research,321100011272,10467
High School of Computers and Technology,321100011275,10467
The Forward School,321100010287,10467
Collegiate Institute for Math and Science,321100011288,10469
The Young Scholars Academy of The Bronx,321100010289,10467
Bronx Academy of Health Careers,321100011290,10467
Astor Collegiate Academy,321100011299,10469
Bronx Green Middle School,321100010326,10467
Bronx Alliance Middle School,321100010355,10466
Young Voices Academy of the Bronx,321100010357,10462
School of Diplomacy,321100010370,10467
Bronx High School for the Visual Arts,321100011418,10462
Harry S Truman High School,321100011455,10475
Cornerstone Academy for Social Action Middle School (CASA),321100010462,10475
Pelham Academy of Academics and Community Engagement,321100010468,10467
The STEAM Bridge School,321100010481,10462
The Matilda Avenue School,321100010483,10470
P.S./M.S. 11X498 - VAN NEST ACADEMY,321100010498,10462
Bronxdale High School,321100011508,10469
High School of Language and Innovation,321100011509,10469
New World High School,321100011513,10466
The Bronxwood Preparatory Academy,321100011514,10466
One World Middle School at Edenwald,321100010529,10466
Baychester Middle School,321100010532,10466
Pre-K Center District 11,,10462
Pelham Preparatory Academy,321100011542,10469
High School for Contemporary Arts,321100011544,10467
Bronx Aerospace High School,321100011545,10467
Bronx Park Middle School,321100010556,10467
Pelham Gardens Middle School,321100010566,10469
Linden Tree Elementary School,321100010567,10462
P.S. 006 West Farms,321200010006,10460
P.S. 044 David C. Farragut,321200010044,10457
P.S. 047 John Randolph,321200010047,10472
P.S. 050 Clara Barton,321200010050,10460
P.S. 057 Crescent,321200010057,10457
P.S. 061 Francisco Oller,321200010061,10460
P.S. 066 School of Higher Expectations,321200010066,10460
P.S. 067 Mohegan School,321200010067,10460
P.S. 092 Bronx,321200010092,10457
J.H.S. 098 Herman Ridder,321200010098,10460
M.S. 129 Academy for Independent Learning and Leadership,321200010129,10460
P.S. 134 George F. Bristow,321200010134,10459
P.S. 150 Charles James Fox,321200010150,10459
E.S.M.T- I.S. 190,321200010190,10460
P.S. 195,321200010195,10472
P.S. 196,321200010196,10472
P.S. 211,321200010211,10457
P.S. 212,321200010212,10456
P.S. 214,321200010214,10460
School of Performing Arts,321200010217,10459
Mott Hall V,321200010242,10472
"Metropolitan High School, The",321200011248,10459
Explorations Academy,321200011251,10460
Bronx Latin,321200011267,10456
East Bronx Academy for the Future,321200011271,10460
Frederick Douglass Academy V. Middle School,321200010273,10457
Peace and Diversity Academy,321200011278,10459
Fannie Lou Hamer Middle School,321200010286,10460
The School of Science and Applied Learning,321200010300,10457
Fairmont Neighborhood School,321200010314,10460
Kappa III,321200010316,10460
"I.S. X318 Math, Science & Technology Through Arts",321200010318,10457
Accion Academy,321200010341,10457
Urban Assembly School for Wildlife Conservation,321200010372,10460
Emolior Academy,321200010383,10460
Entrada Academy,321200010384,10459
Pan American International High School at Monroe,321200011388,10472
Arturo A. Schomburg Satellite Academy Bronx,321200011446,10459
Samara Community School,321200010458,10460
Urban Scholars Community School,321200010463,10456
The Cinema School,321200011478,10472
Bronx Career and College Preparatory High School,321200011479,10456
Bronx Regional High School,321200011480,10459
Bronx Envision Academy,321200011511,10460
The Metropolitan Soundview High School,321200011521,10472
Archer Elementary School,321200010531,10460
P.S. 536,321200010536,10460
High School of World Cultures,321200011550,10472
Fannie Lou Hamer Freedom High School,321200011682,10460
Wings Academy,321200011684,10460
Bronx Little School,321200011691,10460
Monroe Academy for Visual Arts & Design,321200011692,10472
P.S. 003 The Bedford Village,331300010003,11216
P.S. 008 Robert Fulton,331300010008,11201
P.S. 009 Teunis G. Bergen,331300010009,11238
P.S. 011 Purvis J. Behan,331300010011,11238
P.S. 020 Clinton Hill,331300010020,11205
P.S. 044 Marcus Garvey,331300010044,11221
P.S. 046 Edward C. Blum,331300010046,11205
P.S. 054 Samuel C. Barnes,331300010054,11205
P.S. 056 Lewis H. Latimer,331300010056,11238
P.S. 067 Charles A. Dorsey,331300010067,11205
P.S. 093 William H. Prescott,331300010093,11216
M.S. 113 Ronald Edmonds Learning Center,331300010113,11205
P.S. 133 William A. Butler,331300010133,11217
P.S. 256 Benjamin Banneker,331300010256,11216
Dr. Susan S. McKinney Secondary School of the Arts,331300010265,11205
M.S. K266 - Park Place Community Middle School,331300010266,11216
P.S. 270 Johann DeKalb,331300010270,11205
P.S. 282 Park Slope,331300010282,11217
P.S. 287 Bailey K. Ashford,331300010287,11201
Satellite East Middle School,331300010301,11216
P.S. 305 Dr. Peter Ray,331300010305,11216
P.S. 307 Daniel Hale Williams,331300010307,11201
Satellite West Middle School,331300010313,11201
Urban Assembly High School of Music and Art,331300011350,11201
The Urban Assembly Unison School,331300010351,11238
"Brooklyn Community High School of Communication, Arts and Media",331300011412,11205
"Science Skills Center High School for Science, Technology and the Creative Arts",331300011419,11201
Brooklyn Technical High School,331300011430,11217
Brooklyn International High School,331300011439,11201
The Urban Assembly School for Law and Justice,331300011483,11201
Academy of Arts and Letters,331300011492,11205
ACORN Community High School,331300011499,11238
Urban Assembly Institute of Math and Science for Young Women,331300011527,11201
Brooklyn Academy High School,331300011553,11216
Bedford Stuyvesant Preparatory High School,331300011575,11216
Bedford Academy High School,331300011595,11216
M.S. 596 Peace Academy,331300010596,11205
George Westinghouse Career and Technical Education High School,331300011605,11201
Brooklyn High School for Leadership and Community Service,331300011616,11205
Benjamin Banneker Academy,331300011670,11205
"City Polytechnic High School of Engineering, Architecture, and Technology",331300011674,11201
Fort Greene Preparatory Academy,331300010691,11205
P.S. 016 Leonard Dunkly,331400010016,11211
P.S. 017 Henry D. Woodworth,331400010017,11211
P.S. 018 Edward Bush,331400010018,11206
P.S. 023 Carter G. Woodson,331400010023,11206
P.S. 031 Samuel F. Dupont,331400010031,11222
P.S. 034 Oliver H. Perry,331400010034,11222
J.H.S. 050 John D. Wells,331400010050,11211
P.S. 059 William Floyd,331400010059,11206
Juan Morel Campos Secondary School,331400011071,11206
P.S. 084 Jose De Diego,331400010084,11211
P.S. 110 The Monitor,331400010110,11222
P.S. 120 Carlos Tapia,331400010120,11206
John Ericsson Middle School 126,331400010126,11222
P.S. 132 The Conselyea School,331400010132,11211
P.S. 147 Isaac Remsen,331400010147,11206
P.S./I.S. 157 The Benjamin Franklin Health & Science Academy,331400010157,11205
P.S. 196 Ten Eyck,331400010196,11206
P.S. 250 George H. Lindsay,331400010250,11206
P.S. 257 John F. Hylan,331400010257,11206
P.S. 297 Abraham Stockton,331400010297,11206
I.S. 318 Eugenio Maria De Hostos,331400010318,11206
P.S. 319,331400010319,11211
Foundations Academy,331400011322,11206
The School for the Urban Environment,331400011330,11206
P.S. 380 John Wayne Elementary,331400010380,11206
Brooklyn Arbor Elementary School,331400010414,11211
"Brooklyn Latin School, The",331400011449,11206
Green School: An Academy for Environmental Careers,331400011454,11206
PROGRESS High School for Professional Careers,331400011474,11211
School for Legal Studies,331400011477,11211
"The High School for Enterprise, Business and Technology",331400011478,11211
Brooklyn Preparatory High School,331400011488,11211
Williamsburg High School for Architecture and Design,331400011558,11211
Williamsburg Preparatory School,331400011561,11211
Conselyea Preparatory School,331400010577,11211
M.S. 582,331400010582,11206
Lyons Community School,331400011586,11206
Automotive High School,331400011610,11222
Young Women's Leadership School of Brooklyn,331400011614,11206
Frances Perkins Academy,331400011632,11222
El Puente Academy for Peace and Justice,331400011685,11211
P.S. 001 The Bergen,331500010001,11220
"Magnet School of Math, Science and Design Technology",331500010010,11215
P.S. 015 Patrick F. Daly,331500010015,11231
P.S. 024,331500010024,11232
P.S. 029 John M. Harrigan,331500010029,11201
P.S. 032 Samuel Mills Sprole,331500010032,11231
P.S. 038 The Pacific,331500010038,11217
P.S. 039 Henry Bristow,331500010039,11215
M.S. 51 William Alexander,331500010051,11215
P.S. 058 The Carroll,331500010058,11231
J.H.S. 088 Peter Rouget,331500010088,11215
P.S. 094 The Henry Longfellow,331500010094,11220
P.S. 107 John W. Kimball,331500010107,11215
The Maurice Sendak Community School,331500010118,11215
P.S. 124 Silas B. Dutcher,331500010124,11215
P.S. 130 The Parkside,331500010130,11218
P.S. 131 Brooklyn,331500010131,11219
I.S. 136 Charles O. Dewey,331500010136,11232
P.S. 146,331500010146,11231
The Windsor Terrace School,331500010154,11215
P.S. 169 Sunset Park,331500010169,11232
P.S. 172 Beacon School of Excellence,331500010172,11232
P.S. 230 Doris L. Cohen,331500010230,11218
P.S. 261 Philip Livingston,331500010261,11201
P.S. 295,331500010295,11215
P.S. 321 William Penn,331500010321,11215
Brooklyn Frontiers High School,331500011423,11201
Brooklyn School for Global Studies,331500011429,11201
M.S. 442 Carroll Gardens School for Innovation,331500010442,11231
New Voices School of Academic & Creative Arts,331500010443,11215
The Math & Science Exploratory School,331500010447,11217
Brooklyn Secondary School for Collaborative Studies,331500010448,11231
Secondary School for Law,331500011462,11215
Secondary School for Journalism,331500011463,11215
Park Slope Collegiate,331500011464,11215
School for International Studies,331500011497,11201
Sunset Park Avenues Elementary School,331500010516,11232
Cobble Hill School of American Studies,331500011519,11201
West Brooklyn Community High School,331500011529,11219
Khalil Gibran International Academy,331500011592,11217
Brooklyn High School of the Arts,331500011656,11217
Sunset Park High School,331500011667,11232
Red Hook Neighborhood School,331500010676,11231
Millennium Brooklyn HS,331500011684,11215
South Brooklyn Community High School,331500011698,11231
Pre-K Center District 15,,11215
Sunset Park Prep,331500010821,11232
M.S. 839,331500010839,11218
Pre-K Center at Bishop Ford School Site,,11215
P.S. 005 Dr. Ronald Mcnair,331600010005,11233
P.S. 021 Crispus Attucks,331600010021,11233
P.S. 025 Eubie Blake School,331600010025,11221
P.S. 026 Jesse Owens,331600010026,11221
P.S. 028 The Warren Prep Academy,331600010028,11233
M.S. 035 Stephen Decatur,331600010035,11233
P.S. 040 George W. Carver,331600010040,11233
J.H.S. 057 Whitelaw Reid,331600010057,11221
P.S. 081 Thaddeus Stevens,331600010081,11221
P.S. 243K- The Weeksville School,331600010243,11213
P.S. 262 El Hajj Malik El Shabazz Elementary School,331600010262,11233
"M.S. 267 Math, Science & Technology",331600010267,11221
P.S. 308 Clara Cardwell,331600010308,11221
P.S. 309 The George E. Wibecan Preparatory Academy,331600010309,11221
P.S. 335 Granville T. Woods,331600010335,11213
"School of Business, Finance and Entrepreneurship",331600010385,11221
Frederick Douglass Academy IV Secondary School,331600010393,11221
Boys and Girls High School,331600011455,11213
Brooklyn High School for Law and Technology,331600011498,11221
Upper School @ P.S. 25,331600010534,11221
M.S. 584,331600010584,11213
Gotham Professional Arts Academy,331600011594,11233
Brighter Choice Community School,331600010627,11206
Brooklyn Brownstone School,331600010628,11233
Young Scholars' Academy for Discovery and Exploration,331600010636,11206
Research and Service High School,331600011669,11213
Madiba Prep Middle School,331600010681,11221
The Brooklyn Academy of Global Finance,331600011688,11221
Nelson Mandela High School,331600011765,11213
Parkside Preparatory Academy,331700010002,11226
P.S. 006,331700010006,11226
Dr. Jacqueline Peek-Davis School,331700010012,11233
M.S. 061 Dr. Gladstone H. Atwell,331700010061,11225
P.S. 091 The Albany Avenue School,331700010091,11203
P.S. 092 Adrian Hegeman,331700010092,11226
Pathways in Technology Early College High School (P-Tech),331700011122,11213
P.S. 138 Brooklyn,331700010138,11216
P.S. 161 The Crown,331700010161,11225
P.S. 167 The Parkway,331700010167,11213
P.S. 181 Brooklyn,331700010181,11203
P.S. 189 The Bilingual Center,331700010189,11212
P.S. 191 Paul Robeson,331700010191,11233
P.S. 221 Toussaint L'Ouverture,331700010221,11213
P.S. 241 Emma L. Johnston,331700010241,11225
M.S. 246 Walt Whitman,331700010246,11226
P.S. 249 The Caton,331700010249,11226
P.S. 289 George V. Brower,331700010289,11213
P.S. 316 Elijah Stroud,331700010316,11238
Middle School for Academic and Social Excellence,331700010334,11213
I.S. 340,331700010340,11238
Ebbets Field Middle School,331700010352,11225
Elijah Stroud Middle School,331700010353,11238
The School of Integrated Learning,331700010354,11213
P.S. 375 Jackie Robinson School,331700010375,11225
Academy for College Preparation and Career Exploration: A College Board School,331700011382,11226
M.S. K394,331700010394,11213
P.S. 397 Foster-Laurie,331700010397,11203
P.S. 398 Walter Weaver,331700010398,11212
P.S. 399 Stanley Eugene Clark,331700010399,11226
Academy of Hospitality and Tourism,331700011408,11226
Ronald Edmonds Learning Center II,331700010484,11233
W.E.B. Dubois Academic High School,331700011489,11225
International High School at Prospect Heights,331700011524,11225
The High School for Global Citizenship,331700011528,11225
"School for Human Rights, The",331700011531,11203
New Bridges Elementary,331700010532,11213
School for Democracy and Leadership,331700011533,11203
High School for Youth and Community Development at Erasmus,331700011537,11226
High School for Service & Learning at Erasmus,331700011539,11226
"Science, Technology and Research Early College High School at Erasmus",331700011543,11226
High School for Public Service: Heroes of Tomorrow,331700011546,11203
Brooklyn Academy of Science and the Environment,331700011547,11225
Brooklyn School for Music & Theatre,331700011548,11225
Brownsville Academy High School,331700011568,11212
Medgar Evers College Preparatory School,331700011590,11225
Clara Barton High School,331700011600,11225
Brooklyn Arts and Science Elementary School,331700010705,11238
New Heights Middle School,331700010722,11203
Brooklyn Institute for Liberal Arts,331700011745,11203
Academy for Health Careers,331700011751,11213
P.S. 770 New American Academy,331700010770,11212
P.S. 66,331800010066,11236
I.S. 068 Isaac Bildersee,331800010068,11236
P.S. 114 Ryder Elementary,331800010114,11236
P.S. 115 Daniel Mucatel School,331800010115,11236
P.S. 135 Sheldon A. Brookner,331800010135,11203
P.S. 208 Elsa Ebeling,331800010208,11203
I.S. 211 John Wilson,331800010211,11236
P.S. 219 Kennedy-King,331800010219,11212
P.S. 233 Langston Hughes,331800010233,11236
P.S. 235 Janice Marie Knight School,331800010235,11203
P.S. 244 Richard R. Green,331800010244,11203
P.S. 268 Emma Lazarus,331800010268,11203
P.S. 272 Curtis Estabrook,331800010272,11236
P.S. 276 Louis Marshall,331800010276,11236
P.S. 279 Herman Schreiber,331800010279,11236
I.S. 285 Meyer Levin,331800010285,11203
The Science And Medicine Middle School,331800010366,11236
It Takes a Village Academy,331800011563,11203
Brooklyn Generation School,331800011566,11236
Brooklyn Theatre Arts High School,331800011567,11236
Kurt Hahn Expeditionary Learning School,331800011569,11203
Victory Collegiate High School,331800011576,11236
Brooklyn Bridge Academy,331800011578,11236
East Flatbush Community Research School,331800010581,11203
Middle School for Art and Philosophy,331800010588,11212
Arts & Media Preparatory Academy,331800011589,11203
Middle School of Marketing and Legal Studies,331800010598,11203
High School for Innovation in Advertising and Media,331800011617,11236
Cultural Academy for the Arts and Sciences,331800011629,11203
High School for Medical Professions,331800011633,11236
Olympus Academy,331800011635,11236
Academy for Conservation and the Environment,331800011637,11236
Urban Action Academy,331800011642,11236
East Brooklyn Community High School,331800011673,11212
Brooklyn Science and Engineering Academy,331800010763,11203
P.S. 007 Abraham Lincoln,331900010007,11208
P.S. 013 Roberto Clemente,331900010013,11207
P.S. 065,331900010065,11208
P.S. 089 Cypress Hills,331900010089,11207
P.S. 108 Sal Abbracciamento,331900010108,11208
P.S. 149 Danny Kaye,331900010149,11207
P.S. 158 Warwick,331900010158,11207
P.S. 159 Isaac Pitkin,331900010159,11208
I.S. 171 Abraham Lincoln,331900010171,11208
P.S. 174 Dumont,331900010174,11207
P.S. 190 Sheffield,331900010190,11207
P.S. 202 Ernest S. Jenkyns,331900010202,11208
P.S. 213 New Lots,331900010213,11207
P.S. 214 Michael Friedsam,331900010214,11208
J.H.S. 218 James P. Sinnott,331900010218,11208
P.S. 224 Hale A. Woodruff,331900010224,11208
P.S. 273 Wortman,331900010273,11207
P.S. 290 Juan Morel Campos,331900010290,11207
J.H.S. 292 Margaret S. Douglas,331900010292,11207
P.S. 306 Ethan Allen,331900010306,11207
Essence School,331900010311,11207
The Fresh Creek School,331900010325,11207
P.S. 328 Phyllis Wheatley,331900010328,11207
P.S. 345 Patrolman Robert Bolden,331900010345,11208
P.S. 346 Abe Stark,331900010346,11239
I.S. 364 Gateway,331900010364,11239
Academy for Young Writers,331900011404,11208
East New York Family Academy,331900011409,11207
Spring Creek Community School,331900011422,11208
Frederick Douglass Academy VIII Middle School,331900010452,11239
FDNY High School for Fire and Life Safety,331900011502,11207
High School for Civil Rights,331900011504,11207
Performing Arts and Technology High School,331900011507,11207
World Academy for Total Community Health High School,331900011510,11207
Brooklyn Gardens Elementary School,331900010557,11207
Multicultural High School,331900011583,11208
Transit Tech Career and Technical Education High School,331900011615,11208
Academy of Innovative Technology,331900011618,11208
Brooklyn Lab School,331900011639,11208
Van Siclen Community Middle School,331900010654,11207
Cypress Hills Collegiate Preparatory School,331900011659,11208
W. H. Maxwell Career and Technical Education High School,331900011660,11207
Vista Academy,331900010661,11208
Liberty Avenue Middle School,331900010662,11208
School of the Future Brooklyn,331900010663,11207
East New York Elementary School of Excellence,331900010677,11208
East New York Middle School of Excellence,331900010678,11208
"The School for Classics: An Academy of Thinkers, Writers and Performers",331900011683,11208
Highland Park Community School,331900010760,11208
The Urban Assembly School for Collaborative Healthcare,331900011764,11208
P.S./I.S. 30 Mary White Ovington,332000010030,11209
P.S. 048 Mapleton,332000010048,11204
J.H.S. 062 Ditmas,332000010062,11218
P.S. 69 Vincent D. Grippo School,332000010069,11220
P.S. 102 The Bayview,332000010102,11209
P.S./I.S. 104 The Fort Hamilton School,332000010104,11209
P.S. 105 The Blythebourne,332000010105,11219
P.S. 112 Lefferts Park,332000010112,11228
P.S. 127 Mckinley Park,332000010127,11228
P.S. 160 William T. Sampson,332000010160,11219
P.S. 163 Bath Beach,332000010163,11214
P.S. 164 Caesar Rodney,332000010164,11219
Ralph A. Fabrizio School,332000010170,11209
P.S. 176 Ovington,332000010176,11219
P.S. 179 Kensington,332000010179,11218
The SEEALL Academy,332000010180,11204
P.S. 185 Walter Kassenbrock,332000010185,11209
P.S. 186 Dr. Irving A Gladstone,332000010186,11214
The Christa McAuliffe School\I.S. 187,332000010187,11219
P.S. 192 - The Magnet School for Math and Science Inquiry,332000010192,11204
P.S. 200 Benson School,332000010200,11214
J.H.S. 201 The Dyker Heights,332000010201,11228
P.S. 204 Vince Lombardi,332000010204,11228
P.S. 205 Clarion,332000010205,11204
J.H.S. 220 John J. Pershing,332000010220,11220
J.H.S. 223 The Montauk,332000010223,11204
J.H.S. 227 Edward B. Shallow,332000010227,11204
P.S. 229 Dyker,332000010229,11228
P.S. 247 Brooklyn,332000010247,11204
J.H.S. 259 William Mckinley,332000010259,11228
P.S. 264 Bay Ridge Elementary School For The Arts,332000010264,11209
The School For Future Leaders,332000010310,11219
New Utrecht High School,332000011445,11214
High School of Telecommunication Arts and Technology,332000011485,11220
Fort Hamilton High School,332000011490,11209
P.S. 503: The School of Discovery,332000010503,11220
Franklin Delano Roosevelt High School,332000011505,11204
P.S. 506: The School of Journalism & Technology,332000010506,11220
Urban Assembly School for Criminal Justice,332000011609,11204
The Academy of Talented Scholars,332000010682,11204
Brooklyn School of Inquiry,332000010686,11204
P.S. 748 Brooklyn School for Global Scholars,332000010748,11214
Pre-K Center District 20,,11228
"School of Math, Science, and Healthy Living",332000010971,11220
P.S. 90 Edna Cohen School,332100010090,11224
P.S. 095 The Gravesend,332100010095,11223
I.S. 096 Seth Low,332100010096,11204
P.S. 97 The Highlawn,332100010097,11223
I.S. 98 Bay Academy,332100010098,11235
P.S. 099 Isaac Asimov,332100010099,11230
P.S. 100 The Coney Island School,332100010100,11224
P.S. 101 The Verrazano,332100010101,11214
P.S. 121 Nelson A. Rockefeller,332100010121,11204
P.S. 128 Bensonhurst,332100010128,11214
P.S. 153 Homecrest,332100010153,11229
P.S. 177 The Marlboro,332100010177,11204
P.S. 188 Michael E. Berdy,332100010188,11224
P.S. 199 Frederick Wachtel,332100010199,11230
P.S. 209 Margaret Mead,332100010209,11235
P.S. 212 Lady Deborah Moody,332100010212,11214
P.S. 215 Morris H. Weiss,332100010215,11223
P.S. 216 Arturo Toscanini,332100010216,11223
P.S. K225 - The Eileen E. Zaglin,332100010225,11235
P.S. 226 Alfred De B.Mason,332100010226,11204
I.S. 228 David A. Boody,332100010228,11223
P.S. 238 Anne Sullivan,332100010238,11223
Mark Twain I.S. 239 for the Gifted & Talented,332100010239,11224
P.S. 253,332100010253,11235
I.S. 281 Joseph B Cavallaro,332100010281,11214
P.S. 288 The Shirley Tanyhill,332100010288,11224
I.S. 303 Herbert S. Eisenberg,332100010303,11224
P.S. 329 Surfside,332100010329,11224
International High School at Lafayette,332100011337,11214
Rachel Carson High School for Coastal Studies,332100011344,11224
High School of Sports Management,332100011348,11214
Abraham Lincoln High School,332100011410,11235
Kingsborough Early College School,332100011468,11214
Edward R. Murrow High School,332100011525,11230
John Dewey High School,332100011540,11223
Life Academy High School for Film and Music,332100011559,11214
Expeditionary Learning School for Community Leaders,332100011572,11214
William E. Grady Career and Technical Education High School,332100011620,11235
Brooklyn Studio Secondary School,332100011690,11214
Liberation Diploma Plus,332100011728,11224
Pre-K Center District 21,,11204
J.H.S. 014 Shell Bank,332200010014,11235
P.S. 052 Sheepshead Bay,332200010052,11235
J.H.S. 078 Roy H. Mann,332200010078,11234
P.S. 109,332200010109,11203
P.S. 119 Amersfort,332200010119,11210
P.S. K134,332200010134,11218
P.S. 139 Alexine A. Fenty,332200010139,11226
School of Science & Technology,332200010152,11210
P.S. 193 Gil Hodges,332200010193,11210
P.S. 194 Raoul Wallenberg,332200010194,11229
P.S. 195 Manhattan Beach,332200010195,11235
P.S. 197 - The Kings Highway Academy,332200010197,11210
P.S. 198 Brooklyn,332200010198,11210
P.S. 203 Floyd Bennett School,332200010203,11234
P.S. 206 Joseph F Lamb,332200010206,11229
P.S. 207 Elizabeth G. Leary,332200010207,11234
P.S. 217 Colonel David Marcus School,332200010217,11230
P.S. 222 Katherine R. Snyder,332200010222,11234
J.H.S. 234 Arthur W. Cunningham,332200010234,11229
P.S. 236 Mill Basin,332200010236,11234
Andries Hudde,332200010240,11210
P.S. 245,332200010245,11226
P.S. 251 Paerdegat,332200010251,11234
P.S. 254 Dag Hammarskjold,332200010254,11235
P.S. 255 Barbara Reing School,332200010255,11229
P.S. 269 Nostrand,332200010269,11210
P.S. 277 Gerritsen Beach,332200010277,11229
J.H.S. 278 Marine Park,332200010278,11229
P.S. 312 Bergen Beach,332200010312,11234
P.S. K315,332200010315,11210
P.S. 326,332200010326,11234
P.S. 361 East Flatbush Early Childhood School,332200010361,11226
I. S. 381,332200010381,11210
Midwood High School,332200011405,11210
James Madison High School,332200011425,11229
Sheepshead Bay High School,332200011495,11235
Leon M. Goldstein High School for the Sciences,332200011535,11235
Brooklyn College Academy,332200011555,11218
Origins High School,332200011611,11235
Professional Pathways High School,332200011630,11235
Pre-K Center District 22,,11230
P.S. 041 Francis White,332300010041,11212
P.S. 073 Thomas S. Boyland,332300010073,11233
P.S./I.S. 137 Rachel Jean Mitchell,332300010137,11233
P.S. 150 Christopher,332300010150,11212
P.S./ I.S. 155 Nicholas Herkimer,332300010155,11233
P.S. 156 Waverly,332300010156,11212
P.S. 165 Ida Posner,332300010165,11212
P.S. 178 Saint Clair Mckelway,332300010178,11233
P.S. 184 Newport,332300010184,11212
P.S. 284 Lew Wallace,332300010284,11212
P.S. 298 Dr. Betty Shabazz,332300010298,11212
P.S./I.S. 323,332300010323,11212
P.S. 327 Dr. Rose B. English,332300010327,11212
Brownsville Collaborative Middle School,332300010363,11212
I.S. 392,332300010392,11212
Christopher Avenue Community School,332300010401,11212
Riverdale Avenue Community School,332300010446,11212
Brooklyn Collegiate: A College Board School,332300011493,11233
Frederick Douglass Academy VII High School,332300010514,11212
Kappa V,332300010518,11212
Mott Hall IV,332300010522,11233
Brooklyn Landmark Elementary School,332300010599,11233
Brooklyn Democracy Academy,332300011643,11212
Eagle Academy for Young Men II,332300011644,11233
Aspirations Diploma Plus High School,332300011646,11233
Metropolitan Diploma Plus High School,332300011647,11212
Brooklyn Environmental Exploration School (BEES),332300010664,11233
Riverdale Avenue Middle School,332300010668,11212
Mott Hall Bridges Academy,332300010671,11212
Teachers Preparatory High School,332300011697,11212
I.S. 5 - The Walter Crowley Intermediate School,342400010005,11373
P.S. 007 Louis F. Simeone,342400010007,11373
P.S. 012 James B. Colgate,342400010012,11377
P.S. 013 Clement C. Moore,342400010013,11373
P.S. 014 Fairview,342400010014,11368
P.S. Q016 The Nancy DeBenedittis School,342400010016,11368
P.S. 019 Marino Jeantet,342400010019,11368
P.S. 28 - The Thomas Emanuel Early Childhood Center,342400010028,11368
P.S. 049 Dorothy Bonawit Kole,342400010049,11379
P.S. 58 - The School of Heroes,342400010058,11378
I.S. 061 Leonardo Da Vinci,342400010061,11368
P.S. 068 Cambridge,342400010068,11385
P.S. 071 Forest,342400010071,11385
I.S. 73 - The Frank Sansivieri Intermediate School,342400010073,11378
I.S. 077,342400010077,11385
P.S. 81Q Jean Paul Richter,342400010081,11385
P.S./I.S. 087 Middle Village,342400010087,11379
P.S. 088 Seneca,342400010088,11385
P.S. 089 Elmhurst,342400010089,11373
P.S. 091 Richard Arkwright,342400010091,11385
I.S. 093 Ridgewood,342400010093,11385
P.S. 102 Bayview,342400010102,11373
P.S. 110,342400010110,11368
P.S./I.S. 113 Anthony J. Pranzo,342400010113,11385
I.S. 119 The Glendale,342400010119,11385
I.S. 125 Thom J. McCann Woodside,342400010125,11377
"P.S. 128 The Lorraine Tuzzo, Juniper Valley Elementary School",342400010128,11379
P.S. 143 Louis Armstrong,342400010143,11368
P.S. 153 Maspeth Elem,342400010153,11378
P.S. 199 Maurice A. Fitzgerald,342400010199,11104
Elm Tree Elementary School,342400010211,11373
P.S. 229 Emanuel Kaplan,342400010229,11377
International High School for Health Sciences,342400011236,11373
P.S. 239,342400010239,11385
Academy of Finance and Enterprise,342400011264,11101
High School of Applied Communication,342400011267,11101
A.C.E. Academy for Scholars at the Geraldine Ferraro Campus,342400010290,11385
Civic Leadership Academy,342400011293,11373
Pan American International High School,342400011296,11373
Bard High School Early College Queens,342400011299,11101
Learners and Leaders,342400010305,11385
Pioneer Academy,342400010307,11368
Corona Arts and Sciences Academy,342400010311,11373
P.S. 330,342400010330,11368
Pre-K Center District 24,,11385
The Children's Lab School,342400010343,11104
Newtown High School,342400011455,11373
Grover Cleveland High School,342400011485,11385
Middle College High School at LaGuardia Community College,342400011520,11101
International High School at LaGuardia Community College,342400011530,11101
High School for Arts and Business,342400011550,11368
"Robert F. Wagner, Jr. Secondary School for Arts and Technology",342400011560,11101
Maspeth High School,342400011585,11373
Queens Vocational and Technical High School,342400011600,11101
Aviation Career & Technical Education High School,342400011610,11101
VOYAGES Preparatory,342400011744,11373
The 51 Avenue Academy (The Path To Academic Excellence),342400010877,11373
P.S. 020 John Bowne,342500010020,11355
P.S. 021 Edward Hart,342500010021,11354
P.S. 022 Thomas Jefferson,342500010022,11355
P.S. 024 Andrew Jackson,342500010024,11355
I.S. 025 Adrien Block,342500010025,11358
P.S. 029 Queens,342500010029,11356
P.S. 032 State Street,342500010032,11358
P.S. 079 Francis Lewis,342500010079,11357
P.S. 107 Thomas A Dooley,342500010107,11358
P.S. 120 Queens,342500010120,11355
P.S. 129 Patricia Larkin,342500010129,11356
P.S. 130,342500010130,11361
P.S. 154 Queens,342500010154,11366
P.S. 163 Flushing Heights,342500010163,11365
P.S. 164 Queens Valley,342500010164,11367
P.S. 165 Edith K. Bergtraum,342500010165,11367
P.S. 169 Bay Terrace,342500010169,11360
P.S. 184 Flushing Manor,342500010184,11357
J.H.S. 185 Edward Bleeker,342500010185,11354
J.H.S. 189 Daniel Carter Beard,342500010189,11355
P.S. 193 Alfred J. Kennedy,342500010193,11357
J.H.S. 194 William Carr,342500010194,11357
P.S./M.S. 200 - The Pomonok School & STAR Academy,342500010200,11365
P.S. 201 The Discovery School for Inquiry and Research,342500010201,11367
P.S. 209 Clearview Gardens,342500010209,11357
P.S. 214 Cadwallader Colden,342500010214,11354
P.S. 219 Paul Klapper,342500010219,11367
I.S. 237,342500010237,11355
Veritas Academy,342500011240,11354
Queens High School for Language Studies,342500011241,11354
P.S. 242 Leonard P. Stavisky Early Childhood School,342500010242,11354
The Active Learning Elementary School,342500010244,11355
I.S. 250 The Robert F. Kennedy Community Middle School,342500010250,11366
"Queens School of Inquiry, The",342500011252,11366
Flushing International High School,342500011263,11355
East-West School of International Studies,342500011281,11355
World Journalism Preparatory: A College Board School,342500011285,11358
BELL Academy,342500010294,11360
John Bowne High School,342500011425,11367
Flushing High School,342500011460,11354
"The Queens College School for Math, Science and Technology",342500011499,11367
Townsend Harris High School,342500011525,11367
Queens Academy High School,342500011540,11354
Robert F. Kennedy Community High School,342500011670,11366
North Queens Community High School,342500011792,11367
P.S. 018 Winchester,342600010018,11427
P.S. 026 Rufus King,342600010026,11365
P.S. 031 Bayside,342600010031,11361
P.S. 041 Crocheron,342600010041,11361
P.S. 046 Alley Pond,342600010046,11364
J.H.S. 067 Louis Pasteur,342600010067,11362
J.H.S. 074 Nathaniel Hawthorne,342600010074,11364
P.S. 094 David D. Porter,342600010094,11363
P.S. 098 The Douglaston School,342600010098,11363
P.S. 115 The James J. Ambrose School,342600010115,11004
P.S. 133 Queens,342600010133,11426
M.S. 158 Marie Curie,342600010158,11361
P.S. 159,342600010159,11361
P.S. 162 John Golden,342600010162,11364
Irwin Altman Middle School 172,342600010172,11004
P.S. 173 Fresh Meadows,342600010173,11365
P.S./ IS 178 Holliswood,342600010178,11423
P.S. 186 Castlewood,342600010186,11426
P.S. 188 Kingsbury,342600010188,11364
P.S. 191 Mayflower,342600010191,11001
P.S. 203 Oakland Gardens,342600010203,11364
P.S. 205 Alexander Graham Bell,342600010205,11364
P.S. 213 The Carl Ullman School,342600010213,11364
J.H.S. 216 George J. Ryan,342600010216,11365
P.S. 221 The North Hills School,342600010221,11362
P.S./I.S. 266,342600010266,11426
Business Technology Early College High School,342600011315,11427
Benjamin N. Cardozo High School,342600011415,11364
Francis Lewis High School,342600011430,11365
Martin Van Buren High School,342600011435,11427
Bayside High School,342600011495,11361
"Queens High School of Teaching, Liberal Arts and the Sciences",342600011566,11426
P.S./M.S 042 R. Vernam,342700010042,11692
P.S. 043,342700010043,11691
P.S. 045 Clarence Witherspoon,342700010045,11436
P.S. 047 Chris Galas,342700010047,11693
P.S. 051,342700010051,11418
M.S. 053 Brian Piccolo,342700010053,11691
P.S. 056 Harry Eichler,342700010056,11418
P.S. 060 Woodhaven,342700010060,11421
P. S. 62 - Chester Park School,342700010062,11419
P.S. 063 Old South,342700010063,11417
P.S. 064 Joseph P. Addabbo,342700010064,11416
P.S. 65 - The Raymond York Elementary School,342700010065,11417
P.S. 066 Jacqueline Kennedy Onassis,342700010066,11418
P.S. 090 Horace Mann,342700010090,11418
P.S. 096,342700010096,11420
P.S. 097 Forest Park,342700010097,11421
P.S. 100 Glen Morris,342700010100,11420
P.S. 104 The Bays Water,342700010104,11691
P.S. 105 The Bay School,342700010105,11691
P.S. 106,342700010106,11691
P.S. 108 Captain Vincent G. Fowler,342700010108,11420
P.S./M.S. 114 Belle Harbor,342700010114,11694
P.S. 123,342700010123,11436
P.S. 124 Osmond A Church,342700010124,11420
M.S. 137 America's School of Heroes,342700010137,11417
P.S. 146 Howard Beach,342700010146,11414
P.S. 155,342700010155,11420
P.S. 183 Dr. Richard R. Green,342700010183,11693
P.S. 197 The Ocean School,342700010197,11691
J.H.S. 202 Robert H. Goddard,342700010202,11417
P.S. 207 Rockwood Park,342700010207,11414
J.H.S. 210 Elizabeth Blackwell,342700010210,11416
P.S. 223 Lyndon B. Johnson,342700010223,11434
J.H.S. 226 Virgil I. Grissom,342700010226,11420
P.S. 232 Lindenwood,342700010232,11414
P.S. 253,342700010253,11691
P.S. 254 - The Rosa Parks School,342700010254,11418
Frederick Douglass Academy VI High School,342700011260,11691
Voyages Prep - South Queens,342700011261,11434
Channel View School for Research,342700011262,11694
P.S. 273,342700010273,11418
Knowledge and Power Preparatory Academy VI,342700010282,11691
Hawtree Creek Middle School,342700010297,11420
"Queens High School for Information, Research, and Technology",342700011302,11691
New York City Academy for Discovery,342700010306,11421
Robert H. Goddard High School of Communication Arts and Technology,342700011308,11417
Academy of Medical Technology: A College Board School,342700011309,11691
Epic High School - South,342700010314,11420
Queens Explorers Elementary School,342700010316,11416
Waterside Children's Studio School,342700010317,11694
Waterside School For Leadership,342700010318,11694
Village Academy,342700010319,11691
Scholars' Academy,342700010323,11694
Rockaway Park High School for Environmental Sustainability,342700011324,11694
Goldie Maple Academy,342700010333,11692
Epic High School - North,342700011334,11419
Pre-K Center District 27,,11434
Rockaway Collegiate High School,342700011351,11694
Wave Preparatory Elementary School,342700010362,11691
August Martin High School,342700011400,11434
Richmond Hill High School,342700011475,11418
John Adams High School,342700011480,11417
"High School for Construction Trades, Engineering and Architecture",342700011650,11416
J.H.S. 008 Richard S. Grossley,342800010008,11433
P.S. 040 Samuel Huntington,342800010040,11433
P.S. 048 William Wordsworth,342800010048,11433
P.S. 050 Talfourd Lawn Elementary School,342800010050,11435
P.S. 054 Hillside,342800010054,11418
P.S. 055 Maure,342800010055,11419
Catherine & Count Basie Middle School 72,342800010072,11434
P.S. 80 The Thurgood Marshall Magnet School of Multimedia and Communication,342800010080,11434
P.S. 082 Hammond,342800010082,11435
P.S. Q086,342800010086,11432
P.S. 099 Kew Gardens,342800010099,11415
P.S. 101 School in the Gardens,342800010101,11375
P.S. 117 J. Keld / Briarwood School,342800010117,11435
P.S. 121 Queens,342800010121,11420
P.S. 139 Rego Park,342800010139,11374
P.S. 140 Edward K Ellington,342800010140,11434
P.S. 144 Col Jeromus Remsen,342800010144,11375
J.H.S. 157 Stephen A. Halsey,342800010157,11374
P.S. 160 Walter Francis Bishop,342800010160,11435
P.S. 161 Arthur Ashe School,342800010161,11419
Metropolitan Expeditionary Learning School,342800011167,11375
P.S. 174 William Sidney Mount,342800010174,11374
P.S. 175 The Lynn Gross Discovery School,342800010175,11374
P.S. 182 Samantha Smith,342800010182,11432
J.H.S. 190 Russell Sage,342800010190,11375
P.S. 196 Grand Central Parkway,342800010196,11375
P.S. 206 The Horace Harding School,342800010206,11374
J.H.S. 217 Robert A. Van Wyck,342800010217,11435
P.S. 220 Edward Mandel,342800010220,11375
York Early College Academy,342800011284,11433
The Emerson School,342800010287,11433
The Academy for Excellence through the Arts,342800010303,11375
Queens Collegiate: A College Board School,342800011310,11432
Jamaica Children's School,342800010312,11433
Hillside Arts & Letters Academy,342800011325,11432
High School for Community Leadership,342800011328,11432
Redwood Middle School,342800010332,11434
Pre-K Center District 28,,11433
Queens Satellite High School for Opportunity,342800011338,11432
The Queens School for Leadership and Excellence,342800010349,11432
Jamaica Gateway to the Sciences,342800011350,11432
P.S. 354,342800010354,11434
M.S. 358,342800010358,11432
Forest Hills High School,342800011440,11375
Hillcrest High School,342800011505,11432
Thomas A. Edison Career and Technical Education High School,342800011620,11432
Queens Gateway to Health Sciences Secondary School,342800011680,11432
Queens Metropolitan High School,342800011686,11375
Queens High School for the Sciences at York College,342800011687,11433
High School for Law Enforcement and Public Safety,342800011690,11434
"Young Women's Leadership School, Queens",342800011896,11432
P.S. 015 Jackie Robinson,342900010015,11413
P.S. 033 Edward M. Funk,342900010033,11428
P.S. 034 John Harvard,342900010034,11429
P.S. 035 Nathaniel Woodhull,342900010035,11423
P.S. 036 Saint Albans School,342900010036,11412
Cynthia Jenkins School,342900010037,11434
P.S. 038 Rosedale,342900010038,11422
P.S. 052 Queens,342900010052,11434
I.S. 059 Springfield Gardens,342900010059,11413
P.S. 095 Eastwood,342900010095,11432
Jean Nuzzi Intermediate School,342900010109,11428
P.S./I.S. 116 William C. Hughley,342900010116,11433
P.S. 118 Lorraine Hansberry,342900010118,11412
P.S. 131 Abigail Adams,342900010131,11432
P.S. 132 Ralph Bunche,342900010132,11413
P.S. 134 Hollis,342900010134,11412
The Bellaire School,342900010135,11427
P.S. 136 Roy Wilkins,342900010136,11412
P.S./M.S. 138 Sunrise,342900010138,11422
P.S./M.S. 147 Ronald McNair,342900010147,11411
P.S. 156 Laurelton,342900010156,11413
P.S. 176 Cambria Heights,342900010176,11411
P.S. 181 Brookfield,342900010181,11413
I.S. 192 The Linden,342900010192,11412
P.S. 195 William Haberle,342900010195,11422
P.S./I.S. 208,342900010208,11426
I.S. 238 - Susan B. Anthony Academy,342900010238,11423
Institute for Health Professions at Cambria Heights,342900011243,11411
Queens Preparatory Academy,342900011248,11413
P.S. 251 Queens,342900010251,11413
Pathways College Preparatory School: A College Board School,342900011259,11412
Excelsior Preparatory High School,342900011265,11413
P.S./I.S. 268,342900010268,11433
The Gordon Parks School,342900010270,11422
George Washington Carver High School for the Sciences,342900011272,11413
Preparatory Academy for Writers: A College Board School,342900011283,11413
Queens United Middle School,342900010289,11413
P.S./I.S. 295,342900010295,11428
Benjamin Franklin High School for Finance & Information Technology,342900011313,11411
Cambria Heights Academy,342900011326,11423
Eagle Academy for Young Men III,342900011327,11434
Collaborative Arts Middle School,342900010355,11413
Community Voices Middle School,342900010356,11413
P.S. 360,342900010360,11412
Pre-K Center District 29,,11432
"Mathematics, Science Research and Technology Magnet High School",342900011492,11411
"Law, Government and Community Service High School",342900011494,11411
"Business, Computer Applications & Entrepreneurship High School",342900011496,11411
Humanities & Arts Magnet High School,342900011498,11411
P.S. 002 Alfred Zimberg,343000010002,11370
I.S. 010 Horace Greeley,343000010010,11103
P.S. 011 Kathryn Phelan,343000010011,11377
P.S. 017 Henry David Thoreau,343000010017,11102
P.S. 069 Jackson Heights,343000010069,11372
P.S. 070,343000010070,11103
P.S. 076 William Hallet,343000010076,11106
P.S./I.S. 78Q,343000010078,11109
P.S. 084 Steinway,343000010084,11105
P.S. 085 Judge Charles Vallone,343000010085,11105
P.S. 092 Harry T. Stewart Sr.,343000010092,11368
P.S. 111 Jacob Blackwell,343000010111,11101
P.S. 112 Dutch Kills,343000010112,11101
P.S. 122 Mamie Fay,343000010122,11105
Albert Shanker School for Visual and Performing Arts,343000010126,11106
P.S. 127 Aerospace Science Magne,343000010127,11369
I.S. 141 The Steinway,343000010141,11105
I.S. 145 Joseph Pulitzer,343000010145,11372
P.S. 148 Queens,343000010148,11369
P.S. 149 Christa Mcauliffe,343000010149,11372
P.S. 150 Queens,343000010150,11104
P.S. 151 Mary D. Carter,343000010151,11377
P.S. 152 Gwendoline N. Alleyne School,343000010152,11377
P.S. 166 Henry Gradstein,343000010166,11106
P.S. 171 Peter G. Van Alst,343000010171,11102
I.S. 204 Oliver W. Holmes,343000010204,11106
P.S. 212,343000010212,11372
P.S. Q222 - Fire Fighter Christopher A. Santora School,343000010222,11372
I.S. 227 Louis Armstrong,343000011227,11369
P.S. 228 Early Childhood Magnet School of the Arts,343000010228,11369
I.S. 230,343000010230,11372
P.S. 234,343000010234,11102
Academy for New Americans,343000010235,11102
Energy Tech High School,343000011258,11106
P.S. 280,343000010280,11372
"Young Women's Leadership School, Astoria",343000011286,11102
Hunters Point Community Middle School,343000010291,11101
The 30th Avenue School (G&T Citywide),343000010300,11102
Academy for Careers in Television and Film,343000011301,11101
East Elmhurst Community School,343000010329,11369
The Woodside Community School,343000010361,11377
Pre-K Center District 30,,11369
William Cullen Bryant High School,343000011445,11103
Long Island City High School,343000011450,11106
Frank Sinatra School of the Arts High School,343000011501,11106
Information Technology High School,343000011502,11101
Newcomers High School,343000011555,11101
Academy of American Studies,343000011575,11101
Baccalaureate School for Global Education,343000011580,11106
P.S. 001 Tottenville,353100010001,10307
I.S. R002 George L. Egbert,353100010002,10306
P.S. 003 The Margaret Gioiosa School,353100010003,10309
P.S. 004 Maurice Wollin,353100010004,10312
P.S. 005 Huguenot,353100010005,10312
P.S. 6 Corporal Allan F. Kivlehan School,353100010006,10307
I.S. 007 Elias Bernstein,353100010007,10312
P.S. 8 Shirlee Solomon,353100010008,10308
Naples Street Elementary School,353100010009,10304
Fort Hill Collaborative Elementary School,353100010010,10301
P.S. 11 Thomas Dongan School,353100010011,10304
P.S. 013 M. L. Lindemeyer,353100010013,10305
P.S. 016 John J. Driscoll,353100010016,10301
P.S. 018 John G. Whittier,353100010018,10310
P.S. 019 The Curtis School,353100010019,10310
P.S. 020 Port Richmond,353100010020,10302
P.S. 21 Margaret Emery-Elm Park,353100010021,10303
P.S. 022 Graniteville,353100010022,10303
P.S. 023 Richmondtown,353100010023,10306
I.S. 024 Myra S. Barnes,353100010024,10308
P.S. 026 The Carteret School,353100010026,10314
I.S. 027 Anning S. Prall,353100010027,10310
The Eagle Academy for Young Men of Staten Island,353100010028,10304
P.S. 029 Bardwell,353100010029,10314
P.S. 030 Westerleigh,353100010030,10314
P.S. 031 William T. Davis,353100010031,10301
P.S. 032 The Gifford School,353100010032,10308
I.S. 034 Tottenville,353100010034,10307
P.S. 35 The Clove Valley School,353100010035,10301
P.S. 036 J. C. Drumgoole,353100010036,10312
P.S. 038 George Cromwell,353100010038,10306
P.S. 39 Francis J. Murphy Jr.,353100010039,10305
The Stephanie A. Vierno School,353100010041,10306
P.S. 042 Eltingville,353100010042,10312
P.S. 044 Thomas C. Brown,353100010044,10303
P.S. 045 John Tyler,353100010045,10310
P.S. 046 Albert V. Maniscalco,353100010046,10305
CSI High School for International Studies,353100011047,10314
P.S. 048 William G. Wilcox,353100010048,10304
I.S. 49 Berta A. Dreyfus,353100010049,10304
P.S. 050 Frank Hankinson,353100010050,10306
I.S. 051 Edwin Markham,353100010051,10302
P.S. 052 John C. Thompson,353100010052,10305
P.S. 053 The Barbara Esselborn School,353100010053,10308
P.S. 054 Charles W. Leng,353100010054,10314
P.S. 055 Henry M. Boehm,353100010055,10312
P.S. 56 The Louis Desario School,353100010056,10309
P.S. 057 Hubert H. Humphrey,353100010057,10304
Space Shuttle Columbia School,353100010058,10314
The Harbor View School,353100010059,10301
P.S. 060 Alice Austen,353100010060,10314
I.S. 061 William A Morris,353100010061,10301
The Kathleen Grimm School for Leadership and Sustainability,353100010062,10309
Marsh Avenue School for Expeditionary Learning,353100010063,10314
Gaynor McCown Expeditionary Learning School,353100011064,10314
P.S. 65 The Academy of Innovative Learning,353100010065,10301
Pre-K Center District 31,,10302
P.S. 069 Daniel D. Tompkins,353100010069,10314
I.S. 072 Rocco Laurie,353100010072,10314
P.S. 74 Future Leaders Elementary School,353100010074,10301
I.S. 075 Frank D. Paulo,353100010075,10312
P.S. 78,353100010078,10304
The Michael J. Petrides School,353100011080,10301
New Dorp High School,353100011440,10306
Port Richmond High School,353100011445,10302
Curtis High School,353100011450,10301
Tottenville High School,353100011455,10312
Susan E. Wagner High School,353100011460,10314
Concord High School,353100011470,10304
Ralph R. McKee Career and Technical Education High School,353100011600,10301
Staten Island Technical High School,353100011605,10306
Staten Island School of Civic Leadership,353100010861,10314
P.S./I.S. 045 Horace E. Greene,333200010045,11207
P.S. 075 Mayda Cortiella,333200010075,11221
P.S. 086 The Irvington,333200010086,11237
P.S. 106 Edward Everett Hale,333200010106,11221
P.S. 116 Elizabeth L Farrell,333200010116,11237
P.S. 123 Suydam,333200010123,11237
P.S. 145 Andrew Jackson,333200010145,11206
P.S. 151 Lyndon B. Johnson,333200010151,11207
J.H.S. 162 The Willoughby,333200010162,11237
The Brooklyn School for Math and Research,333200011168,11237
P.S. 274 Kosciusko,333200010274,11221
J.H.S. 291 Roland Hayes,333200010291,11221
P.S. 299 Thomas Warren Field,333200010299,11221
I.S. 347 School of Humanities,333200010347,11221
"I.S. 349 Math, Science & Tech.",333200010349,11221
P.S. 376,333200010376,11237
P.S. 377 Alejandrina B. De Gautier,333200010377,11221
J.H.S. 383 Philippa Schuyler,333200010383,11237
P.S. /I.S. 384 Frances E. Carter,333200010384,11207
Academy for Environmental Leadership,333200011403,11237
EBC High School for Public Service - Bushwick,333200011545,11221
Bushwick School for Social Justice,333200011549,11237
Academy of Urban Planning,333200011552,11237
All City Leadership Secondary School,333200011554,11237
Bushwick Leaders High School for Academic Excellence,333200011556,11221
Evergreen Middle School for Urban Exploration,333200010562,11207
Bushwick Community High School,333200010564,11221
P.S. K004,307500013004,11207
P.S. 36,307500013036,11207
P.S. K053,307500013053,11215
P.S. K077,307500013077,11235
P.S. K140,307500013140,11216
P.S. K141,307500013141,11226
P.S. K231,307500013231,11204
P.S. 368,307500013368,11206
P.S. K369 - Coy L. Cox School,307500013369,11217
P.S. 370,307500013370,11224
P.S. 371 - Lillian L. Rashkis,307500013371,11232
P.S. 372 -The Children's School,307500013372,11215
P.S. 373 - Brooklyn Transition Center,307500013373,11206
P.S. K396,307500013396,11212
P.S. K721 - Brooklyn Occupational Training Center,307500013721,11223
P.S. K753 - School for Career Development,307500013753,11238
P.S. K771,307500013771,11235
P.S. K811 Connie Lekas School,307500013811,11235
P.S. 035,307500011035,10019
P.S. M079 - Horan School,307500011079,10035
P.S. M094,307500011094,10280
P.S. 138,307500011138,10035
P.S. M169 - Robert F. Kennedy,307500011169,10128
P.S. M226,307500011226,10003
Hospital Schools,307500011401,10465
Home Instruction,307500010000,10014
P.S. M721 - Manhattan Occupational Training Center,307500011721,10014
Manhattan School for Career Development,307500011751,10003
P.S. M811 - Mickey Mantle School,307500011811,10024
P.S. Q004,307500014004,11365
P.S. 009,307500014009,11378
P.S. Q023 @ Queens Children Center,307500014023,11426
Robert E. Peary School,307500014075,11385
P.S. Q177,307500014177,11365
P.S. Q224,307500014224,11426
P.S. Q233,307500014233,11375
P.S. Q255,307500014255,11366
P.S. Q256,307500014256,11791
The Riverview School,307500014277,11101
John F. Kennedy Jr. School,307500014721,11373
Queens Transition Center,307500014752,11436
P.S. Q811,307500014811,11362
P.S. Q993,307500014993,11001
South Richmond High School I.S./P.S. 25,307500015025,10309
P.S. R037,307500015037,10308
P.S. R373,307500015373,10301
The Richard H. Hungerford School,307500015721,10304
P.S. X010,307500012010,10465
P.S. X012 Lewis and Clark School,307500012012,10461
P.S. X017,307500012017,10456
P.S. 168,307500012168,10451
P.S. X176,307500012176,10475
P186X Walter J. Damrosch School,307500012186,10459
P.S. X188,307500012188,10460
The Vida Bogart School for All Children,307500012352,10459
P469X - The Bronx School for Continuous Learners,307500012469,10467
P.S. X721 - Stephen McSweeney School,307500012721,10461
P.S. 723,307500012723,10475
J. M. Rapport School Career Development,307500012754,10455
P.S. X811,307500012811,10459
Beginning with Children Charter School II,331400861021,11206
Success Academy Charter School - Bed-Stuy 2,331400861022,11206
Success Academy Charter School - Cobble Hill,331500861023,11201
Success Academy Charter School - Williamsburg,331400861024,11211
Explore Exceed Charter School,331700861027,11238
Williamsburg Collegiate Charter School,331400860885,11211
Achievement First Crown Heights Charter School,331700860879,11203
KIPP AMP Charter School,331700860882,11213
Achievement First East New York Charter School,331900860880,11207
The Uft Charter School,331900860891,11207
Launch Expeditionary Learning Charter School,331600861003,11213
Hellenic Classical Charter School,331500860878,11215
Success Academy Charter School - Bed-Stuy 1,331400861007,11206
Explore Excel Charter School,331800860702,11236
Invictus Preparatory Charter School,331900860997,11208
Roads Charter School I,332300861007,11233
Teaching Firms of America-Professional Preparatory Charter School,331600860975,11221
Urban Dove Charter School,331300861006,11216
Williamsburg Charter High School,331400860865,11206
New Dawn Charter High School,331500861016,11217
Achievement First Endeavor Charter School,331300860902,11238
Leadership Prep Bedford Stuyvesant Uncommon Prep Charter School,331300860901,11216
Community Roots Charter School,331300860893,11205
Achievement First Bushwick Charter School,333200860906,11237
Excellence Boys Charter School,331600860860,11233
Kings Collegiate Charter School,331800860908,11212
Achievement First Brownsville Charter School,332300860912,11233
Bedford Stuyvesant Collegiate -Uncommon Collegiate Charter High School,331600860918,11221
La Cima Charter School,331600860924,11221
PAVE Academy Charter School,331500860927,11231
Brooklyn Ascend Charter School,331800860916,11212
Achievement First Aspire Charter School,331900860993,11208
Citizens of the World Charter School 1 Williamsburg,331400861036,11222
Citizens of the World Charter School New York 2 Crown Heights,331700861037,11213
Northside Charter High School,331400860945,11222
Brooklyn Charter School,331400860809,11206
Community Partnership Charter School,331300860810,11205
Beginning With Children Charter School,331400860825,11205
Explore Charter School,331700860841,11226
Brooklyn Prospect Charter School,331500860935,11218
Brownsville Collegiate Charter School,332300860939,11212
Leadership Preparatory Brownsville Charter School,332300860942,11212
Excellence Girls Charter School,331600860938,11221
Leadership Prep Canarsie Charter School (Leadership Prep CS 4),331700860943,11236
Fahari Academy Charter School,331700860951,11226
Summit Academy Charter School,331500860953,11231
Brooklyn Excelsior Charter School,331600860847,11221
"Math, Engineering, and Science Academy Charter High School",333200861059,11221
New American Academy Charter School,331800861057,11203
Brownsville Ascend Charter School,332300860954,11212
New Visions Charter High School for Advanced Math and Science III,332200861053,11235
New Visions Charter High School for the Humanities III,332200861051,11235
Brooklyn Scholars Charter School,331900860958,11208
Success Academy Crown Heights (Brooklyn 7),331700861041,11225
Explore Empower Charter School,331700860950,11213
Coney Island Preparatory Public Charter School,332100860949,11224
Hebrew Language Academy Charter School,332200860955,11234
Success Academy Fort Greene (Brooklyn 5),331300861039,11205
Success Academy Prospect Heights (Brooklyn 6),331700861040,11216
Unity Prep Charter School,331300861056,11221
Brooklyn Urban Garden Charter School,331500861011,11215
Canarsie Ascend Charter School,331800861033,11236
The International Charter School of New York,331300861079,11201
Hyde Leadership Charter School- Brooklyn,331900860972,11207
Success Academy Charter School - Bensonhurst - New York 3,332100861075,11204
Achievement First Apollo Charter School,331900860933,11208
Leadership Preparatory Ocean Hill Charter School,332300860941,11212
Ocean Hill Collegiate Charter School,332300860936,11233
Brooklyn East Collegiate Charter School,331300860937,11238
Success Academy Charter School - Bergen Beach - New York 4,332200861076,11234
Bedford Stuyvesant New Beginnings Charter School,331600860971,11206
Achievement First North Brooklyn Prep Charter School,333200861045,11221
Imagine Me Leadership Charter School,331900860973,11207
Achievement First Linden Elementary School,331900861072,11207
Compass Charter School,331300861066,11205
Central Brooklyn Ascend Charter School,332300861050,11212
Brooklyn Dreams Charter School,332200860978,11230
The Cultural Arts Academy at Spring Creek Charter School,331800860988,11212
Bushwick Ascend Charter School,333200860987,11221
Lefferts Gardens Charter School,331700860967,11226
New Hope Academy Charter School,331800860983,11203
Brooklyn LABCharter School,331300861063,11201
Democracy Prep Endurance Charter School,310500861001,10027
KIPP Washington Heights Middle School,310600861013,10032
Manhattan Charter School II,310100861031,10002
Global Community Charter School,310500861012,10037
Neighborhood Charter School of Harlem,310500861015,10027
East Harlem Scholars Academy Charter School II,310400861046,10029
Success Academy Hell's Kitchen (Manhattan 2),310200861043,10019
Success Academy Union Square (Manhattan 1),310200861042,10003
Harlem Hebrew Language Charter School,310300861034,10026
Great Oaks Charter School,310100861055,10002
Success Academy Charter School - Washington Heights - New York 1,310600861073,10040
The Opportunity Charter School,310300860871,10026
Harlem Children's Zone Promise Academy 1 Charter School,310500860864,10027
Manhattan Charter School,310100860873,10002
Harlem Link Charter School,310300860875,10026
Girls Preparatory Charter School of New York,310100860866,10002
Harlem Village Academy Leadership Charter School,310400860849,10035
KIPP Infinity Charter School,310500860883,10027
New York Center for Autism Charter School,310400861061,10029
Harlem Children's Zone Promise Academy II Charter School,310500860886,10035
Democracy Prep Charter School,310500860894,10037
Success Academy Charter School - Harlem 1,310300860897,10026
New Heights Academy Charter School,310600860887,10031
DREAM Charter School,310400860919,10029
Success Academy Charter School - Harlem 2,310500860921,10035
Success Academy Charter School - Harlem 3,310400860922,10029
Success Academy Charter School - Harlem 4,310300860923,10026
St. HOPE Leadership Academy Charter School,310500860928,10030
The Equity Project Charter School (TEP),310600860929,10040
Renaissance Charter High School for Innovation,310400860968,10029
Inwood Academy for Leadership Charter School,310600860966,10034
Democracy Prep Harlem Charter School,310500860989,10030
Success Academy Charter School - Harlem 5,310500860979,10030
New York French American Charter School,310300860963,10027
East Harlem Scholars Academy Charter School,310400860995,10029
Broome Street Academy Charter School,310200860992,10013
Success Academy Charter School - Upper West,310300861008,10024
Sisulu-Walker Charter School of Harlem,310300860804,10026
Harbor Science and Arts Charter School,310400860812,10029
Amber Charter School,310400860806,10029
John V. Lindsay Wildcat Academy Charter School,310200860819,10004
Harlem Prep Charter School,310400860840,10035
Harlem Village Academy Charter School,310500860848,10030
KIPP STAR College Prep Charter School,310500860858,10027
Future Leaders Institute Charter School,310300860881,10027
Central Queens Academy Charter School,342400861025,11373
Peninsula Preparatory Academy Charter School,342700860869,11691
Middle Village Prep Charter School,342400861048,11379
VOICE Charter School of New York,343000860932,11106
New Visions Charter High School for Advanced Math and Science IV,342700861054,11434
Growing Up Green Charter School,343000860952,11101
Success Academy Charter School - Rosedale - New York 5,342900861077,11422
Success Academy Charter School - Springfield Gardens - New York 6,342900861078,11413
Challenge Preparatory Charter School,342700860990,11691
Riverton Street Charter School,342900860974,11412
Rochdale Early Advantage Charter School,342800860969,11434
Academy of the City Charter School,343000860998,11377
Merrick Academy - Queens Public Charter School,342900860821,11413
Renaissance Charter School,343000860822,11372
Our World Neighborhood Charter School,343000860836,11106
New Ventures Charter School,353100861083,10311
John W. Lavelle Preparatory Charter School,353100860959,10311
Staten Island Community Charter School,353100860964,10304
New World Preparatory Charter School,353100860984,10302
Children's Aid College Prep Charter School,321200861026,10457
Icahn Charter School 6,320900861029,10457
Grand Concourse Charter School,320800860872,10465
Mott Hall Charter School,320900861004,10456
Bronx Lighthouse Charter School,321200860870,10459
ROADS Charter School II,321200861010,10459
New Visions Charter High School for Advanced Math and Science II,320800861017,10456
New Visions Charter High School for the Humanities II,320700861018,10455
Family Life Academy Charter School II,320700861028,10454
Bronx Charter School for Excellence,321100860859,10462
Heketi Community Charter School,320700860703,10454
Tech International Charter School,321000861032,10463
South Bronx Charter School for International Cultures and the Arts,320700860889,10454
Hyde Leadership Charter School,320800860903,10474
South Bronx Classical Charter School,321200860898,10459
International Leadership Charter High School,321000860904,10463
Icahn Charter School 7,320800861030,10473
South Bronx Classical Charter School II,320700861035,10454
Icahn Charter School 2,321100860909,10462
Success Academy Charter School - Bronx 3,320800861044,10456
Brilla College Prep Charter School,320700861014,10454
Bronx Global Learning Institute for Girls Charter School,320700860915,10451
University Prep Charter High School,320700860920,10455
Mott Haven Academy Charter School,320700860925,10454
"NYC Charter High School for Architecture, Engineering and Construction Industries (AECI)",320700860926,10451
Bronx Community Charter School,321000860914,10467
Bronx Charter School for Children,320700860852,10454
Bronx Academy of Promise Charter School,321100860917,10452
Icahn Charter School 3,320900860917,10461
Charter High School for Law and Social Justice,321100861064,10461
Atmosphere Charter School,321000861075,10463
Metropolitan Lighthouse Charter School,320700860962,10452
Success Academy Charter School - Bronx 4 - New York 2,320800861074,10473
Boys Preparatory Charter School of New York,320800860994,10473
American Dream Charter School,320700861062,10454
Family Life Academy Charter School III,320700861070,10454
Dr. Richard Izquierdo Health and Science Charter School,321200860965,10456
Bronx Charter School for Better Learning II,321100861076,10469
Rosalyn Yalow Charter School,321000861073,10456
Girls Preparatory Charter School of the Bronx,320800860940,10455
The Equality Charter School,321100860956,10475
South Bronx Classical Charter School III,320900861084,10456
Academic Leadership Charter School,320700860957,10454
South Bronx Early College Academy Charter School,320700861068,10454
Success Academy Charter School - Bronx 1,320700860981,10451
Success Academy Charter School - Bronx 2,320900860980,10456
Icahn Charter School 4,321100860948,10461
Storefront Academy Charter School,320700861080,10454
Icahn Charter School 5,321100860982,10461
New Visions Charter High School for Advanced Math and Science,321000860999,10463
New Visions Charter High School for the Humanities,321000860704,10463
New York City Montessori Charter School,320700861005,10454
Bronx Preparatory Charter School,320900860807,10457
KIPP Academy Charter School,320700860820,10451
Family Life Academy Charter School,320900860839,10452
Harriet Tubman Charter School,320900860823,10456
Icahn Charter School,320900860835,10457
Bronx Charter School for Better Learning,321100860855,10466
Bronx Charter School for the Arts,320800860846,10474
